Filename,(Real)Time_Start,(Real)Time_End,Duration,NumSyllables,Intensity,Jitter(local),Shimmer(local),HNR,AlphaRatio,Mean_f0,Sd_f0,Max_F0,speakingrate,articulationrate,npause,asd,Mean_f0_Interval_1,Mean_f0_Interval_2,Mean_f0_Interval_3,Mean_f0_Interval_4,Mean_f0_Interval_5,Mean_f0_Interval_6,Mean_f0_Interval_7,Mean_f0_Interval_8,Mean_f0_Interval_9,Mean_f0_Interval_10,Mean_f0_Interval_11,Mean_f0_Interval_12,Mean_f0_Interval_13,Mean_f0_Interval_14,Mean_f0_Interval_15
natural_user10_passage,0,21.3,21.3,,56.64999546705795,0.07170888850082931,0.1586665171363054,4.423190416557662,3.86315422709893,240.98117418637878,107.20477887512779,342.99855279692486,1.17,1.72,10,0.581,--undefined--,--undefined--,--undefined--,278.9960210044317,278.9960210044317,278.9960210044317,281.2397112346591,281.2397112346591,281.2397112346591,281.2397112346591,241.26484251888812,241.26484251888812,241.26484251888812,241.26484251888812,241.26484251888812
natural_user11_passage,0,36.48,36.48,,69.89274241075124,0.016385885616767692,0.0990262347159039,14.172516356067538,7.896044437127692,199.1597005921583,30.352804977909912,342.85496515827145,3.34,4.43,8,0.226,--undefined--,226.58019113458624,211.53867252219132,217.91851695573348,211.18335945091442,210.70609757815123,208.7602957612179,205.76857608559342,205.38346207058203,204.5005716347401,203.12306702840505,202.33527752458284,201.44598367805122,201.1288416752841,199.0922773313691
natural_user12_passage,0,33.54,33.54,,71.03042512210405,0.025295726478825987,0.1319228906051558,12.458554183896911,11.480880778240268,205.0165423942732,43.94788495486345,359.1253328711033,4.17,5.52,15,0.181,255.75083900799174,224.1161848191494,214.24453887327263,212.9649544323336,208.97574456152861,210.46582851336805,211.9184460339066,210.53995922975142,209.2603148324773,209.45147365730122,206.90234045760718,205.7553126044619,206.7974914560735,207.66531598336343,205.10007784658507
natural_user14_passage,0,32.4,32.4,,54.9448901759211,0.03609108500948534,0.21074164936021572,6.134222236760794,11.19642439965064,174.36109783183983,41.98667380225231,345.691102736142,4.10,4.91,7,0.204,204.5493047125858,196.757912902345,178.2573924225089,181.38604658595813,179.43618146125272,176.08708051871855,174.036430407188,171.91753962983023,172.4690813246121,175.5193534030063,175.3610486672072,176.51074242453092,174.42744908362144,175.12571825349733,174.5839223474625
natural_user16_passage,0,41.4,41.4,,69.26814138991367,0.018854029654440916,0.11635440790778999,12.790814169182958,5.24389510152381,208.30695845940656,34.362542688046865,339.88078577502955,3.55,4.58,11,0.218,231.18431736765638,211.7436348886465,206.2787969618008,210.440185723388,210.48732318637528,210.63444267361595,210.47651964585836,205.28477023195245,208.79543409682313,208.0421124399986,208.7816042750679,208.7179727674371,209.7402526859568,208.9895287505569,208.34285627434505
natural_user17_passage,0,6.24,6.24,,68.72728463095852,0.012381351947367523,0.08574765654179112,9.603967156525595,0.24937709498398725,201.6196203429194,32.15594174591703,263.8915985382622,3.04,3.83,0,0.261,--undefined--,--undefined--,228.4495856993079,238.00887437950118,229.8124041389253,223.87143142908872,220.23167184767328,206.19853239912592,204.75997450268608,204.0795114278422,203.916321042855,203.34380322675167,204.23947387428672,201.4180246239079,201.43891811504002
natural_user1_passage,0,35.7,35.7,,69.2319268911024,0.020721472004855225,0.08940875917448028,15.05460757626893,12.444383694420992,188.66894036315279,33.39934836193974,310.2259844998143,3.47,4.45,10,0.225,--undefined--,210.8618600633397,194.79686549189333,197.80443503045038,195.1257395514327,194.46556119078807,191.80810689527553,192.7214226013192,190.43360553966525,190.5609687088911,188.62217232810778,190.06685342374578,190.06602368843028,190.0046114619541,188.64039709260473
natural_user3_passage,0,31.14,31.14,,68.91972425949564,0.018167965269195993,0.08181143284582161,16.580823866190048,13.492945821968105,183.88379818476724,42.35563063175137,273.10625187710207,3.76,4.54,9,0.220,225.9876840988244,206.83722238988116,205.87641528573107,203.72926407322612,199.08789822039554,198.38493641757518,195.72133159352143,192.2102406111474,189.35821990751867,185.9511116692106,183.59244341537703,184.34158016272713,185.91503591380135,184.80735700283049,184.05918526572788
natural_user44_passage,0,37.56,37.56,,70.06964388222607,0.018747006499497537,0.0890666780930875,14.65048616796701,10.483144181746287,219.32079158230772,37.963700526769216,355.22850899858474,3.59,4.47,12,0.224,230.94031993878716,230.49476183001389,229.19689861660237,227.260215561555,223.83479582206957,224.8387741627145,224.39328197632736,224.39677035824755,221.6467297207586,221.17660875085338,219.67363317007934,219.80436454862934,220.31504262655693,220.61546766976437,219.3927155857427
natural_user45_passage,0,36.68607709750567,36.68607709750567,,69.62496513541662,0.01770297323691861,0.10966268049033832,11.99233239007409,12.392572274899186,184.98213530666922,40.38342561283705,349.4617314314409,3.84,4.90,10,0.204,224.85919417021498,192.4390694109606,188.54764630164013,187.39843951735708,189.4408287265645,186.00018703351563,185.22803825950746,185.87179172338284,188.72971464085543,188.27891158859094,188.24239676686705,186.57519391899825,185.7683104371524,185.13640377780592,184.8794895958618
natural_user46_passage,0,35.52,35.52,,71.1570226728188,0.01829793337483179,0.11520892408442121,12.738416203115648,12.410250401222637,194.07887770211096,35.42425374966442,355.1537806171046,4.03,4.80,9,0.208,191.62412634087906,201.95379279876295,199.49715484970432,196.5888882878559,193.78163988739396,195.22710230706028,194.82359295242344,194.15810951615748,196.772603743865,197.4505401937413,195.99869452086375,196.3292833981378,196.70469691495938,196.25690578112759,194.0903323527071
natural_user47_passage,0,30.18,30.18,,69.97707201860685,0.021025748237669263,0.11720789313969902,13.16964028818305,15.943316015167985,212.0980735331938,60.224549282070484,354.2151710675926,4.51,5.53,8,0.181,251.3618153953497,238.19485891006775,225.83497806088602,218.3370110780851,220.2406563212007,222.46325337523368,224.76374031137,223.26578079499728,218.33776414402658,221.08088340911078,218.4670585015928,216.0304391382914,216.82229777399476,214.68719835594217,212.05473385076172
natural_user48_passage,0,26.64,26.64,,69.90420461208019,0.026751245497495153,0.11431012269835218,10.881115093829656,12.42055607843225,205.25300430110866,51.881689921502975,345.9317226933969,4.02,4.88,6,0.205,230.11882756786198,213.03254456174966,205.1664823696028,205.0448801762673,201.9009550468395,202.5596298019839,202.18672265539848,201.92994618522573,203.51995105735276,201.67680060150113,203.444853455724,203.34911455348754,206.98411932356953,206.6177322239255,205.32857277432836
natural_user49_passage,0,27.9,27.9,,69.79277683771747,0.020816905372899142,0.13061251820854103,12.681530985206086,17.03849238798189,213.2472418076506,41.081640143941435,354.52619459013096,4.55,5.35,7,0.187,229.66265774531604,232.95092610347754,224.16159705635252,222.4225506706598,221.9827034360788,221.24052227391843,220.27527330441146,220.34927893343936,217.7774946691431,219.01544071789084,216.66713662471523,213.71390002718624,215.3825360020953,216.21509783298794,213.11926697047662
natural_user4_passage,0,31.14,31.14,,68.91972425949564,0.018167965269195993,0.08181143284582161,16.580823866190048,13.492945821968105,183.88379818476724,42.35563063175137,273.10625187710207,3.76,4.54,9,0.220,225.9876840988244,206.83722238988116,205.87641528573107,203.72926407322612,199.08789822039554,198.38493641757518,195.72133159352143,192.2102406111474,189.35821990751867,185.9511116692106,183.59244341537703,184.34158016272713,185.91503591380135,184.80735700283049,184.05918526572788
natural_user50_passage,0,22.38,22.38,,70.83727002158294,0.024539376583686618,0.13190048437081855,11.23549009756655,10.850724547550092,242.3552059059878,45.7170635351556,366.602299401664,4.42,5.30,5,0.189,273.20422431378586,258.4204155515942,246.62394206677524,241.8973215207454,240.295301780439,237.68567535400678,239.71700032241748,240.40710203042443,239.28144928154444,243.63026058749523,244.9931439589208,243.81125419127244,244.88214365009696,246.22342918938395,242.35862046112868
natural_user51_passage,0,32.28,32.28,,72.34483526274397,0.019101063156842856,0.0757637643394421,15.357471694464701,15.087054682528983,218.5229417815873,49.739641737601495,350.8158924603557,3.75,4.89,12,0.205,248.6739299801066,247.49739982074848,232.93254750489407,227.50866009386831,224.4535263070399,217.3020098548186,219.79679190537556,216.79898756634537,216.36191598519062,217.9780591175726,216.79692343520554,218.69720288162893,220.28638042891075,221.05099645720153,218.39254999467767
natural_user52_passage,0,34.5,34.5,,69.45670602645859,0.027746809839186537,0.1414874491150948,12.692654556383525,11.353990539157039,206.44171705341813,49.09395304047728,330.65975813995027,4.38,5.32,5,0.188,--undefined--,231.6041121600974,222.40790541402953,221.21682665270396,213.561042283538,213.7775933708255,212.82508785071016,214.9054013836666,210.60792658431424,206.28560222959283,206.73303335854882,208.07880479277173,208.9443595627501,207.65502036934424,206.31415381264378
natural_user53_passage,0,30.36,30.36,,71.39112267809001,0.029700443906326743,0.11787472662155665,11.422519616538368,14.97067929086996,134.14694436592757,32.9101376112356,346.30275126797466,3.79,5.40,13,0.185,151.33518808730327,145.5308347203043,139.45011685041985,139.03815712387475,135.47675479349232,134.21577002751962,134.8928990598418,134.9114233326624,134.3690416627326,133.7165462910585,134.38751516203857,133.78707148543947,133.23125353940793,134.19894825726743,134.11071270569977
natural_user54_passage,0,31.44,31.44,,71.14481079626296,0.02176182444681575,0.0968741693737999,14.108606603135524,9.83512029738711,201.66688724189558,33.011611366011806,327.92012999872236,3.91,4.97,8,0.201,215.09458041101723,212.62605881570647,205.07711809676744,207.3581519669819,200.89461479084156,203.37211806549266,202.98329193843762,201.62006341236324,201.29994542643783,202.26680486971975,200.69549025122822,201.43792719534179,203.55392134585597,203.3779448588879,201.66965438616424
natural_user55_passage,0,34.32,34.32,,69.94084277496006,0.026083953275407603,0.12692514719310127,15.18765102839022,24.063111577874498,181.59360942945074,61.50279419638284,347.8484558354065,3.55,4.80,13,0.208,263.1435126788303,216.13085317938518,209.02496390700972,195.54845324025445,194.89866297455276,201.10102159405955,195.90205496019186,190.95539944381363,187.64038405045414,185.18028585704596,182.132945251666,184.51268404466794,182.847427098341,183.17136184464835,181.4885894655511
natural_user56_passage,0,30,30,,70.2332346206977,0.02042810721887276,0.13496384753756036,12.573288111604798,14.384604451029672,187.31593716310567,31.3877161720651,329.92803484193007,4.13,5.07,6,0.197,219.106089054701,184.75439518214083,189.41891041100814,191.29791880457842,188.87312997144974,190.92943139545648,190.34985523499356,188.0896208909009,188.06611725046596,187.26203718651666,186.9795837498069,187.14757560564018,187.33533728988237,186.87373583957185,187.3930423732712
natural_user57_passage,0,38.58,38.58,,69.2891519403926,0.02529342181347039,0.10658156410255981,11.368415576414867,14.582408080206797,98.60379493902897,13.27897450903073,219.92776216080512,3.32,4.33,15,0.231,110.07336132116984,101.09955255600399,97.95361106220078,98.77243883647718,98.49305969882616,97.39088918689274,97.16353835998007,96.7533717867296,97.09806248597513,97.32377093771123,97.91736633573906,98.13286616845986,98.27771378536062,98.4590204043652,98.60207462240912
natural_user58_passage,0,35.76,35.76,,70.6177286973246,0.016507884886053457,0.1132824731580769,12.777761784708472,11.830954958527059,226.45255708202268,29.632848319416507,343.8351234316672,3.58,4.65,9,0.215,238.5334853087606,239.43858105261484,227.18426056205112,228.96639395722738,225.71122026568077,227.67073445850662,227.71124131166954,227.22270503002545,228.20228590568752,226.21006017704744,221.95913114207121,224.50575361405006,227.08263003578736,227.39753865429176,226.4352231825582
natural_user59_passage,0,34.68,34.68,,68.92268549858522,0.03179827811539398,0.1478293685944689,10.54212690327892,19.93437942780134,113.96907734402438,22.69445888943452,222.55784370922487,3.69,4.65,11,0.215,138.52272078208512,125.6652446208577,120.53870859754832,121.05391855270497,119.31162460914437,118.32630777337032,117.12014058723665,116.32175483688872,115.59503854149281,116.56501310324786,116.27121886090123,116.0907279936481,115.2578713255168,114.74788506505381,114.03993649995112
natural_user5_passage,0,35.4,35.4,,71.38095019585407,0.027761201494269236,0.11284521478158413,11.060227952991662,7.566510402705614,182.10344810206297,44.89810961949858,352.2569606059986,3.33,4.68,16,0.214,201.804820366181,200.92424901812498,194.78293807858162,189.38165112525363,186.75719426873422,182.74066162203434,183.32983600466216,183.00422118613287,186.02666171385323,185.5325611322644,183.89003316888198,183.09333159974332,182.89232204184725,182.70999050808481,181.98634555560886
natural_user60_passage,0,28.5,28.5,,70.79101439746667,0.021512604583818068,0.10650498422060087,10.065713209833193,5.374718494569386,187.89790728409847,33.01261492392818,343.38249472065763,4.11,4.84,6,0.207,213.6361839068265,192.84238267317622,182.84586806356208,189.83656700216625,190.13254558183974,190.63365310197688,189.2382547156071,189.81601152733566,187.6513015428887,189.75551602414586,192.36233797476604,189.83645368947887,189.8929178425597,189.12196573419118,188.16085094237238
natural_user61_passage,0,34.62,34.62,,71.27833647609589,0.014531731862360973,0.06688327636795223,21.284522885642495,21.12143486303715,229.46086179599706,28.979007056954643,312.2703112767291,3.70,4.73,10,0.211,238.4582187450523,241.0559668240005,234.1975110859099,234.20638310093568,232.97069126084307,230.5295054707963,231.74712471403316,231.8980135530872,229.99798252301895,231.41407328762278,230.89285964903127,229.13219988984613,230.05958164113733,230.2840495087716,229.47139266151558
natural_user62_passage,0,33.36,33.36,,71.4242115576049,0.016724055107315235,0.09765626587117567,15.411181481581451,13.361693612102536,222.14660455541022,28.78087223889938,351.9603709713585,3.90,4.77,9,0.210,226.4369085396712,229.53817066919248,222.9029505995657,221.22866026368078,217.78527465776006,219.17280392179777,219.60154951965924,220.09040076512625,219.02406448970015,220.91445837433253,221.49624635749467,221.88726094646844,222.25686371847618,222.75081822151745,222.0884975668162
natural_user63_passage,0,26.28,26.28,,70.75534673881589,0.023522218329016676,0.11418786518771107,10.021919323887861,8.140717038228582,205.94850311765057,41.417336932785524,344.4860100483307,4.22,4.86,6,0.206,227.91240654567875,204.86304905678122,200.66015015077724,201.96999824038147,203.6923629738187,207.59908713553943,209.69122394495506,210.38345231106982,207.32178367009115,207.80063082150727,208.1743671826906,207.4637624078352,207.61065758356588,207.51241289369946,205.77981267439793
natural_user64_passage,0,33.96,33.96,,71.39107692068224,0.015218240295077142,0.09134564185627532,17.078719419668165,19.00664652666603,236.13990674047298,22.899044907776876,344.6835404485403,3.83,5.17,12,0.193,231.96179386380732,232.72675162935897,233.187479647803,235.98303831435678,238.6507668716446,238.44765509906338,239.14432302854425,238.79398015967126,237.72976997855596,238.55578102768746,238.22580550345324,237.60238580395563,236.36808975438956,236.6068333545639,236.2168768622377
natural_user65_passage,0,28.14,28.14,,72.15127975201396,0.031183853807820208,0.13820787071177665,13.003441179883374,13.843755911780221,187.6709734372079,42.490097172903454,341.9995529233301,3.70,5.28,13,0.189,222.29919954862302,208.0631627464642,198.01758535126672,200.3356749796021,197.84769420859837,197.6938020479126,196.7246311640031,193.15651489850887,194.03988328013514,192.69831362684346,190.1212209284203,188.14948671383593,189.07137690809049,188.24551971253706,187.817214358204
natural_user66_passage,0,29.04,29.04,,70.70021501127252,0.029052018700547928,0.1053530906075554,10.835964852512374,13.518624281632361,175.66376074388842,48.33806264626437,349.43340290253394,4.13,4.94,8,0.203,204.3726434934262,169.6697734258634,170.89761905835178,165.26496779869123,168.95055574730802,167.5438772380287,166.25909697621134,165.40564696534648,164.01660143601453,164.558621698806,167.17976570792365,170.82880127105403,173.25540437277775,174.68302893990204,175.7481921128936
natural_user67_passage,0,30.78,30.78,,70.63456116692674,0.02876657707826463,0.09030631665605991,12.035694586708683,12.159488668487233,200.67494530848253,51.75024887492025,347.11789585122307,4.19,5.28,9,0.190,248.54137152629576,229.42771644527483,218.74554490268937,216.82444121826398,211.51181968553527,207.98024173230738,206.41110276778713,205.08679124086157,205.69862008177978,203.8609507128715,204.26902045212287,202.4036841644305,203.6543027919626,202.34707007589952,200.46981960241774
natural_user68_passage,0,33.36,33.36,,70.48248842650727,0.029601557074597565,0.16215699830009547,10.843072104046263,13.252551756758164,177.40723316214022,30.6730559891968,320.42955591436214,4.71,5.61,7,0.178,184.19400689933633,187.36373965399332,180.18056654949947,178.00072726263642,176.0184756494119,177.78450952101764,177.068227990331,177.10353751853734,177.01515453613973,180.00192722479014,179.57058915292635,177.5694851695654,177.66219142039714,178.81478054538943,177.3226524932769
natural_user6_passage,0,21.3,21.3,,56.64999546705795,0.07170888850082931,0.1586665171363054,4.423190416557662,3.86315422709893,240.98117418637878,107.20477887512779,342.99855279692486,1.17,1.72,10,0.581,--undefined--,--undefined--,--undefined--,278.9960210044317,278.9960210044317,278.9960210044317,281.2397112346591,281.2397112346591,281.2397112346591,281.2397112346591,241.26484251888812,241.26484251888812,241.26484251888812,241.26484251888812,241.26484251888812
natural_user70_passage,0,26.7,26.7,,66.04641988116461,0.03572388881033327,0.1544748832719239,7.5864668931343004,15.599007314485933,145.96190862420417,28.060223648066312,348.1341087143121,3.93,4.22,1,0.237,173.2724270052527,159.66852153262744,152.45053815762967,149.08545951149372,147.96482027331749,146.92237277003542,144.84737520053022,144.51785984275432,144.60791266830182,144.5741234883479,144.44934573633492,144.59657619891905,145.54202993960652,144.96277181369828,145.8950154117838
natural_user7_passage,0,30.569333333333333,30.569333333333333,,68.44661361212898,0.016353000071270746,0.10371397114810599,11.618123461598334,10.249998930170591,185.3896248452901,48.218743772146254,310.45429393111124,3.86,4.81,8,0.208,234.48452787060435,207.12093426410055,195.02470401555559,201.07789881843294,195.60385082867654,195.45176667971648,187.52428476951167,181.17412925416585,178.58922011976577,181.509678935451,182.57616742789483,184.85940923923175,186.63319905721667,186.11622570589725,185.5220724692619
natural_user8_passage,0,0.42,0.42,,68.00345452309303,0.045685920744521866,0.253645283740029,2.176778319776345,3.4553717692952013,230.27097345727302,81.9748587600914,340.5219422857039,2.38,2.38,0,0.420,162.43702505926547,161.88512078536604,161.16348324917513,199.7192305544612,232.58827335692501,227.54372794036775,216.3353807141821,208.59847398072188,202.78189049555303,200.05859000973848,200.05859000973848,204.88502303789988,217.41138067398927,228.79202765839668,232.28358749050003
natural_user9_passage,0,27.54,27.54,,65.8188264254272,0.036185704295924735,0.12751919410771717,12.716225303029116,16.996467193443394,146.25340133888398,16.663180758849656,335.1638554381192,2.69,4.01,13,0.250,164.84680486493139,145.7551868542371,145.65864578851665,144.91878032916304,143.51251379660076,144.27934049645518,144.53727471887055,144.8337040885631,144.78501460570925,144.36600277447005,144.73755519816027,144.94814691071986,145.74234321090972,146.37562245695852,146.32900550574098
robotic_user10_passage,0,29.88,29.88,,72.57195199188413,0.020480128426179224,0.114094487354154,12.551435736893172,13.39043109311735,205.29877004311058,46.39079158184836,331.52765689760474,3.65,4.89,11,0.204,223.8975954246657,234.772067581845,230.4161314643714,225.3562080113403,220.78798408328947,218.62630017133085,215.60937936922414,208.61071058904207,206.95483475673905,209.96820531288827,208.00553086770287,206.794724959039,208.19305690534466,208.20977277561062,205.2264933776629
robotic_user13_passage,0,27.12,27.12,,70.02409111919795,0.022975208643762606,0.10616863139216326,10.480292486773383,13.393841458807394,167.20874995330473,37.11445356804568,335.34501956275625,3.83,4.47,6,0.224,194.91988957500206,157.24545952059555,155.82240600862525,161.63577023317822,160.32120241907194,163.95703922226403,163.51035451457767,164.6999595054162,164.95918103442122,166.44189863326434,166.02695666958223,165.72185110218714,166.6761918457989,166.77007820315654,167.01611501944373
robotic_user15_passage,0,24.06,24.06,,68.90709840107372,0.030184324267703993,0.12921121931386495,9.79239938367585,10.708760648132854,204.34528074689908,46.66576913147052,334.235115933833,4.28,5.21,7,0.192,210.9200713135492,213.29652262228285,206.50185647849196,213.13150786481648,212.16530871884038,214.1351748113123,211.1455712055856,208.2626943785701,206.52561099390758,205.71482322720925,204.60623219690808,203.85751407271565,205.39229295878687,204.47906776374845,204.18403622363044
robotic_user19_passage,0,34.2,34.2,,69.98890550420656,0.02783719932717689,0.13023402213182178,11.274479935573458,14.700675913342211,112.87778484366797,14.53144748513168,344.4014419822796,3.54,4.44,10,0.225,122.34118271589418,117.02881135494192,115.59123862097854,113.76514594542445,114.93152798510371,114.75466681676316,113.88685196495909,113.34346600281961,113.65270335013109,113.92387394922572,114.33005042417865,114.37303397009943,114.08845661533249,113.65745557804344,112.9012312530419
robotic_user20_passage,0,25.86,25.86,,68.99657734494794,0.017912517087409197,0.0930298277875831,15.332476917708805,16.85015682833191,204.71436686544973,45.773271144922944,367.93139719217737,3.94,4.55,5,0.220,230.06240435850816,229.73826239472152,217.4021326539325,218.2590848533242,215.1943702312423,214.8871638813663,213.3614764977154,211.55218427560052,214.20753440077945,211.67666383711966,210.44898929829492,210.83047431786673,207.99994225636513,206.6504145264073,204.7690994730125
robotic_user21_passage,0,30.72,30.72,,69.59060943693078,0.02030780054227215,0.11575136254051291,11.71933142321944,9.709052211006647,194.34834164383935,38.658043844043284,341.64247207142114,4.30,5.09,8,0.197,213.2795942684406,221.50558315023795,209.57588589404511,202.7846496326994,198.94923183895745,197.90162426543893,197.32756460423525,198.8575418921471,197.28631384166366,198.59765462057743,197.60929135761205,196.65057688162523,195.76697637232706,195.87873870619632,194.39482478751074
robotic_user22_passage,0,32.04,32.04,,69.51503534267984,0.024460488364996723,0.12088955241215497,13.95943133809998,16.250283464457425,240.5383512739028,43.1923889263843,367.4969416812817,4.49,5.49,10,0.182,214.72730113242534,238.87863281980054,242.88958156573335,243.83451541289435,241.34202369187028,241.0818795612514,239.9862400491786,239.36369903610304,239.78680181558946,240.38821108006005,241.3072330719665,241.42439772537952,241.44321636764036,241.62909316537272,240.54419315994414
robotic_user23_passage,0,32.28,32.28,,69.4013503165162,0.028114701504188194,0.12435128911561415,13.106096720142785,15.63711499016858,216.75410288204148,34.22990512940422,336.7470612571888,4.15,5.00,11,0.200,222.21965309438286,224.7646314256054,222.23604742143803,218.4651765690153,219.77801245439517,220.5533125585644,217.57282474078957,213.89934301958777,212.44941029876097,213.01505374779765,213.00711722923742,213.52192102660067,215.06581694881845,215.7257040810456,216.59593342863917
robotic_user24_passage,0,38.782666666666664,38.782666666666664,,63.88814168296226,0.02051193889659175,0.1349187732053772,8.923298456547265,8.929477490121608,112.88668867890514,25.05522497669225,330.292811245168,3.69,4.42,8,0.226,111.28465716768527,115.61303702375825,115.78639514966515,113.1928028783226,111.70465440763917,111.8056046711107,111.97452432134162,112.36131134802585,112.13041744760133,113.03714876551601,113.35261695184403,113.9815759317543,113.78262383134984,113.42705836297782,112.95399633161868
robotic_user25_passage,0,33.556,33.556,,68.79621095716182,0.01654162438929762,0.11527267789857588,12.206072408162886,12.60693807206583,128.36009181178792,28.905453632228802,360.9770652553525,3.99,4.94,10,0.202,141.9621572283203,141.9878995327195,141.33203694357084,137.91093401355454,134.5574348713392,133.90856529200457,132.41180900925087,131.9394279056953,129.96976513498146,129.60226751696172,130.1227385235605,129.79157268250233,129.3149707045761,128.53118122410478,128.3812804921431
robotic_user26_passage,0,29.4,29.4,,70.665676308799,0.02358591904472619,0.09866234769076017,13.061460106357064,14.843611326071454,163.04503835609336,27.345884703124756,247.8244843325993,3.84,5.12,8,0.195,--undefined--,170.79809408785874,178.8962957083841,175.00305886319293,173.57465201367123,170.33448324406132,169.4023205243295,167.54562093986573,164.59672764018475,164.3272465115874,164.2580639604223,163.94002912009316,164.45058219671913,163.93418926212675,162.97479496515476
robotic_user27_passage,0,32.1,32.1,,69.97324962895013,0.014613729585945284,0.12999310564004732,10.705867034094544,4.069720751192647,225.49967875263064,33.182482777158505,369.20951877444793,3.52,5.66,14,0.177,245.15926764055513,234.95327137568924,226.4674244672059,225.2607533725853,223.70752139473979,226.01223361551445,225.86669639266034,223.3469872017768,223.69751968937277,222.235476326325,224.35474777698713,223.68201773282522,225.4364397692657,227.18030624532616,225.53303199245963
robotic_user28_passage,0,28.44,28.44,,71.41743511118734,0.022062871461933496,0.09665608263350638,13.358132827976373,11.123405975122855,169.52278015371888,27.02761753344994,314.2902193235067,4.04,5.08,9,0.197,204.72294170804017,186.2004755523657,179.7291394055198,177.22919407201624,173.79020635220934,172.77839150378333,172.8838596433536,172.24070540445192,171.19589951865174,170.4214164722751,169.23717421547667,169.37076236334568,170.09766506222985,169.95500476923655,169.3234886750917
robotic_user29_passage,0,32.76,32.76,,70.39394191562955,0.020251879943822586,0.09884616705428628,12.958993640139127,9.818845303543227,224.10925195327897,40.065441585327406,348.4607914832992,4.21,5.25,9,0.190,253.33195820882327,246.81623087018906,235.03512365890353,234.18156975514944,232.6385739648112,228.38764812416653,228.9914871264493,225.58772585312124,226.52792293210314,227.380469669207,227.1506089698941,226.41433216790568,225.63642549907038,225.86912313166707,224.2340697878093
robotic_user2_passage,0,34.02,34.02,,70.47305493054607,0.02169118594245366,0.1139420653305555,12.198614081637626,15.631597251265571,126.02024035209334,23.340637515443767,347.88473455830876,3.56,4.68,11,0.214,153.72845436208308,154.3051135230574,141.1232119843696,137.4272596843351,133.09521493496118,132.0666736327825,130.59583565045492,130.02611851014515,127.87353267422779,127.21769941217592,129.03286593518044,127.72041582417835,127.03994725905983,126.23593329136389,126.0506244464774
robotic_user30_passage,0,37.56,37.56,,69.67003609104603,0.01952195415724543,0.08031184896754913,14.53771726351073,13.862068807550667,171.38619625386323,38.015542844658704,274.2212178883014,3.25,3.94,9,0.254,189.8832474301154,202.53626195353704,190.74616548838182,181.5517084806918,180.4608237622558,180.98722578222444,180.58926919955636,177.79289506815567,176.73397918275316,173.36335004992407,175.7379451681406,174.27956869151663,173.45361394789623,173.3601321893706,171.31316311485426
robotic_user31_passage,0,30.18,30.18,,72.24357336958624,0.023196761594401198,0.11278265691175489,12.344473799474615,12.235189009320631,177.58310774202502,32.30014216795762,347.5536538985318,3.88,4.69,8,0.213,210.0725809307837,187.7032510729056,181.1142634687503,181.05216098438314,181.68470368857814,179.96483261173665,179.9740327492828,178.78476272038895,178.74913735555785,179.4122620701828,179.56983994550058,179.42688283213354,178.69002724759716,178.19920111050655,177.44000700771568
robotic_user32_passage,0,26.64,26.64,,69.79482664282645,0.01869443333077914,0.09695655024531025,15.658941561857356,19.644703036126664,152.390125080746,45.33566112707707,325.5811757881932,3.94,4.43,5,0.226,208.41819142160898,178.32593567813933,171.40819681585648,162.57341574587164,159.12944770338643,156.81965495413354,157.6586681195388,158.74861735766024,160.72389146296396,157.7538349117498,155.31560933916955,153.5375880368948,154.2566900764811,154.64459955647027,152.2907957955863
robotic_user33_passage,0,29.34,29.34,,73.01906784440115,0.023091733782566654,0.09804608535269987,13.639223306571985,12.931980658568227,175.21568317911704,31.442409223734554,350.47197695024545,3.99,4.95,7,0.202,211.25276125424605,178.32561560106944,175.7647596185949,176.75024231509488,178.7325767472409,178.98520332528054,178.17487517590268,177.65203207918267,177.22320385526356,177.73105955785664,178.33159611543564,177.7478153881572,177.63694168473748,176.7292892386636,175.2715651392759
robotic_user34_passage,0,36.36,36.36,,69.51886542626121,0.022235452890136072,0.10781834187175128,14.716131149868874,22.379305820912165,188.7612850251069,42.79360884384269,365.0728368141378,2.97,4.26,15,0.235,241.05294601051318,223.4501427520188,210.94664903038424,202.29750695471427,193.66802494226283,193.12828124373328,192.15959869207938,192.0386344935291,191.00051265409982,191.89805624789528,188.436527479575,187.6330539883324,188.84521307016493,188.92750159303574,188.65133103563207
robotic_user35_passage,0,32.22,32.22,,71.47837370328658,0.028523737628886815,0.1540006871124425,7.961469742775012,8.82467923696333,98.4326695930997,17.056908197566507,223.07789316699132,3.79,4.54,7,0.220,115.70318529707728,107.84094585417944,103.4910526894069,100.56638420375808,99.22542991669144,98.62934543822182,98.01820248453755,97.34224294212099,97.37213949142863,97.99265875719306,98.12946082385515,98.92031651746834,99.05929901019891,98.79886505555292,98.3509065415566
robotic_user36_passage,0,42.42,42.42,,70.73731126618802,0.016891861713202456,0.0827171999158616,14.563809346131574,8.057190403349143,215.5744484438459,64.36648933956003,363.5181987068204,3.21,4.26,16,0.235,209.67273234967124,219.4998642626001,253.11586728634524,239.26581252757228,229.8381359741075,223.80209943156802,223.16304077750348,226.8210103899466,228.36785192818743,223.93469085129098,222.93569580135997,224.30676479799808,222.34694265482085,221.51598926534206,215.75900776944627
robotic_user37_passage,0,27.48,27.48,,69.94221730586952,0.024202334199504145,0.10002601409114363,17.024793459521415,19.093214117442084,202.85215283420084,60.99039835476829,305.7391149050654,3.89,4.84,11,0.207,239.7544775110006,223.91078530000348,224.34920448522354,213.38538829567585,216.66905249949184,213.4921028321492,207.51967064366025,207.61266530005238,211.8871808140945,208.700165483866,208.93859496555808,208.86949213109932,207.50104513469455,204.59659984134734,203.00217631603476
robotic_user38_passage,0,43.8,43.8,,71.97465764000634,0.016816085266533432,0.09592960301574983,15.071319419434744,11.755890499193873,177.31383795488205,29.350831569326505,342.1094280629731,3.77,5.17,10,0.194,185.3484139816015,184.6042073527843,176.454723980947,175.68376340775174,178.24626838355854,176.97397784996377,178.15002046352706,178.31259393789963,178.61580463042495,176.81496184047796,177.66163915214165,178.16244158506058,178.35771380257728,178.00928707137876,177.26859670135826
robotic_user39_passage,0,31.38,31.38,,71.0581215371878,0.01993240709094385,0.09362502328859969,15.033023199826207,14.036166552079157,191.69816752166622,28.55559070563781,349.17673241675806,3.89,4.42,7,0.226,220.05713021457672,205.3356042177188,199.14189396094832,194.86166357397397,194.9964720052591,194.52231751982043,194.39148691712967,193.5839474902172,193.53987540228445,191.00106491528493,191.88468105488215,192.6290803792917,193.80727355120476,193.00625728732064,191.6300294596165
robotic_user40_passage,0,32.28,32.28,,69.51731471997061,0.021446489023240527,0.11340450872788056,12.330308753035874,16.81450750963745,164.46430417025854,31.159297092800593,322.69364591345857,3.84,4.60,6,0.217,191.71695197964334,183.7198158795151,178.38252407332922,175.38939326025744,174.38876188261045,173.06062950243043,171.7967053386244,171.417471629975,171.38817170966703,169.47475758352076,168.26607730676525,167.08740026755203,166.0874552812562,165.46993253994526,164.44139964072932
robotic_user41_passage,0,28.98,28.98,,71.17099391218541,0.016220179618587776,0.09394663912135047,13.01921723727835,10.231995779156666,199.05044567193286,42.0731623967479,335.22538648778027,3.80,4.54,8,0.220,251.60184746292805,228.21644331615826,221.92107680110612,216.92847482623634,217.7509453140229,212.8759697188082,211.26201021637377,207.22224637040588,207.93584821466024,206.95568769492408,202.8215525105,199.9440089976368,200.5956257369648,200.39028001186153,199.3181705049934
robotic_user69_passage,0,27.6,27.6,,70.93810836409784,0.0196827002899394,0.10009987902307704,11.542377800613357,7.016924992826238,122.35644047260462,13.39644131700364,188.89850716094764,4.06,4.65,5,0.215,145.86594352015126,132.88346130077335,128.0254647941099,128.16343857474337,127.15149694798124,125.50271527051295,124.71796610528271,123.96349891178123,123.08121621122352,122.8072772843019,122.9328894083266,122.97089496115855,123.50023870820898,123.31429018261139,122.36187747802005
robotic_user71_passage,0,28.68,28.68,,69.38115576870688,0.025608154639032713,0.1542697163496977,9.318823627470335,8.07288176575689,211.88022133818507,44.31892527868519,365.6343109240671,4.29,5.11,6,0.196,220.90543710711444,228.6672146754632,221.93543309917163,219.80045826515106,216.3166211533019,217.16672351383255,214.4415224688051,214.62293148478537,211.74919393337612,213.92781595080322,213.98183621981383,213.38216907296214,214.07760137802214,213.4652686830889,211.81095020874608
robotic_user72_passage,0,33.4831875,33.4831875,,71.01560938658126,0.02512311375345735,0.17267780356989562,11.01901454678102,14.534491486561954,188.10672997303388,44.51584271582371,345.5973598696169,3.37,5.39,15,0.185,234.58666775744496,203.77235342751962,206.99579709460954,202.4875461273603,199.74273782294583,196.5197982162489,194.27788489091628,189.1725730817257,189.29694044499968,187.18669055429677,188.31146231858904,188.1865686873083,188.33807725706868,188.312309525292,188.11518860285426
robotic_user73_passage,0,26.82,26.82,,69.63671308253271,0.02360544658900847,0.1280977517567227,11.45302893668614,9.278654445317347,168.3048268803082,57.98455756076899,347.8753538579243,3.62,4.24,6,0.236,232.53117134615297,214.74717536651426,205.6284345759808,190.1775371046807,176.09414442293476,175.5752387728855,174.87646990762588,174.91388453153215,172.50094610016146,173.67271840879357,170.86286255545076,171.3237817485756,171.34839973209012,170.56259487500478,168.36902682920828
robotic_user74_passage,0,31.4514375,31.4514375,,70.2583451230022,0.026131068815056575,0.13374773082983887,11.809129535740741,12.777166517670677,188.47714554059257,38.5747378983243,349.03501321101896,3.75,4.97,10,0.201,191.02503912279872,198.23963879450875,193.47950492609766,192.1935354395428,188.2648589915658,187.6413737763612,187.59664045226046,190.71070253694023,190.0719485536561,190.19585626035325,190.4136592415995,188.8843646620728,190.1930907837111,189.73671434329796,188.47605506995077
robotic_user9_passage,0,33.72,33.72,,69.89084717579048,0.02231435410522431,0.10733362878514909,17.53031659109891,20.44726442618242,235.45114366963034,30.86642547169164,368.3518463697948,3.71,5.18,11,0.193,248.27738746463513,250.0425026847291,242.37373295549585,234.3095989508172,236.7855269221531,234.55729699846185,235.27994155770736,235.8442611494466,234.10780817998844,235.599044472506,236.64008943251937,235.88058282444487,236.93683112436307,236.7597164127188,235.4482153313391
,,,,,,,,,,,,,,,,,,,,,,,,,,,,,,,
